<?xml version="1.0" encoding="UTF-8"?>
<project-private xmlns="http://www.netbeans.org/ns/project-private/1">
    <editor-bookmarks xmlns="http://www.netbeans.org/ns/editor-bookmarks/2" lastBookmarkId="0"/>
    <open-files xmlns="http://www.netbeans.org/ns/projectui-open-files/2">
        <group>
            <file>file:/C:/Users/garci/OneDrive/Documents/NetBeansProjects/MasterMind%20Assignment%203%20Solution/src/core/IGame.java</file>
            <file>file:/C:/Users/garci/OneDrive/Documents/NetBeansProjects/MasterMind%20Assignment%203%20Solution/src/userinterface/CodebreakerUi.java</file>
            <file>file:/C:/Users/garci/OneDrive/Documents/NetBeansProjects/MasterMind%20Assignment%203%20Solution/src/userinterface/RoundedCornerButton.java</file>
            <file>file:/C:/Users/garci/OneDrive/Documents/NetBeansProjects/MasterMind%20Assignment%203%20Solution/src/mastermind/MasterMind.java</file>
            <file>file:/C:/Users/garci/OneDrive/Documents/NetBeansProjects/MasterMind%20Assignment%203%20Solution/src/userinterface/MasterMindUi.java</file>
            <file>file:/C:/Users/garci/OneDrive/Documents/NetBeansProjects/MasterMind%20Assignment%203%20Solution/src/core/Codebreaker.java</file>
            <file>file:/C:/Users/garci/OneDrive/Documents/NetBeansProjects/MasterMind%20Assignment%203%20Solution/src/core/ICodemaker.java</file>
            <file>file:/C:/Users/garci/OneDrive/Documents/NetBeansProjects/MasterMind%20Assignment%203%20Solution/src/userinterface/RoundButton.java</file>
            <file>file:/C:/Users/garci/OneDrive/Documents/NetBeansProjects/MasterMind%20Assignment%203%20Solution/src/core/Codemaker.java</file>
            <file>file:/C:/Users/garci/OneDrive/Documents/NetBeansProjects/MasterMind%20Assignment%203%20Solution/src/userinterface/CodemakerUi.java</file>
            <file>file:/C:/Users/garci/OneDrive/Documents/NetBeansProjects/MasterMind%20Assignment%203%20Solution/src/core/Game.java</file>
            <file>file:/C:/Users/garci/OneDrive/Documents/NetBeansProjects/MasterMind%20Assignment%203%20Solution/src/core/ICodebreaker.java</file>
        </group>
    </open-files>
</project-private>
